N,method,n_seeds,mse_x1e-4_mean,mse_x1e-4_std,teacher_match@32_mean,teacher_match@32_std,current_graph_recall_mean,status
1008,dense,3,7.799078,0.019374,0.704582,0.002004,1.000000,ok
1008,exact_topk,3,7.805649,0.010419,0.684730,0.011779,1.000000,ok
1008,ariad,3,7.881414,0.026882,0.689918,0.008075,0.998052,ok
2000,dense,3,5.310127,0.035272,0.879281,0.004065,1.000000,ok
2000,exact_topk,3,5.401925,0.077141,0.858698,0.007952,1.000000,ok
2000,ariad,3,5.447054,0.043529,0.855578,0.004482,0.996969,ok
5008,dense,3,1.645425,0.000000,0.943486,0.000004,1.000000,ok
5008,exact_topk,3,1.520294,0.000004,0.943711,0.000022,1.000000,ok
5008,ariad,3,1.520294,0.000003,0.943617,0.000044,0.999531,ok
10000,dense,3,1.398429,0.000000,0.955064,0.000002,1.000000,ok
10000,exact_topk,3,1.068925,0.000001,0.955382,0.000005,1.000000,ok
10000,ariad,3,1.068940,0.000003,0.955011,0.000026,0.998875,ok
20000,dense,3,1.303216,0.000000,0.967190,0.000001,1.000000,ok
20000,exact_topk,3,0.523749,0.000000,0.969961,0.000000,1.000000,ok
20000,ariad,3,0.523783,0.000018,0.968001,0.000852,0.996115,ok
