n,method,mse_mean,mse_std,recall_mean,recall_std,n_seeds
1008,dense,0.00044945534318679997,2.350893240792273e-05,0.8155381944444445,0.0010472064579647253,3
1008,exact,0.00043244350429930004,7.2080767025573215e-06,0.8078807043650794,0.0026925361535966538,3
1008,ariad,0.0004364423997078667,1.3990395931698843e-05,0.8030650628306878,0.00738611021456911,3
2000,dense,0.0005442207135880334,9.054554316735078e-06,0.9294895833333333,0.00017422634045499016,3
2000,exact,0.00047904300542233333,2.274261574390369e-09,0.9302760416666667,4.510548978039849e-05,3
2000,ariad,0.0004791731577521,2.4059035474205448e-08,0.9290729166666667,3.9322054350374266e-05,3
5008,dense,0.00041505616779123335,1.6979839145640847e-06,0.9554192458732693,0.00010297601998882559,3
5008,exact,0.00022995116887613331,1.7102679688139735e-09,0.9583270933173589,3.6026749026034564e-06,3
5008,ariad,0.00023066475114316665,1.5298716387976347e-07,0.9502837127263045,0.00012233190189480067,3
10000,dense,0.0006696219206787,5.896470527336231e-08,0.962853125,5.412658773640127e-06,3
10000,exact,0.00017794791589643334,1.4015242117330428e-08,0.9686020833333333,3.608439182418739e-06,3
10000,ariad,0.00018183883609400003,3.26563334881848e-07,0.9462781250000001,0.00031160810222938463,3
20000,dense,0.0011849492633094,7.660883014155616e-08,0.9679536458333334,5.487319662905002e-06,3
20000,exact,9.570076993744199e-05,2.763392354219644e-09,0.9766692708333333,2.386758174450604e-06,3
20000,ariad,0.00011061928914076667,2.4940936117283164e-07,0.9275958333333333,0.000237994619271235,3
