n,method,seed,final_mse,final_teacher_match,final_match_exhaustive
1008,ariad,0,0.0004216368251945,0.8091827876984127,0.9971478174603174
1008,ariad,1,0.0004382480983622,0.8051525297619048,0.9960007440476192
1008,ariad,2,0.0004494422755669,0.794859871031746,0.99640376984127
1008,dense,0,0.0004671339702326,0.8149181547619048,1.0
1008,dense,1,0.0004227759200148,0.8149491567460317,1.0
1008,dense,2,0.000458456139313,0.8167472718253969,1.0
1008,exact,0,0.0004360335587989,0.8076016865079365,1.0
1008,exact,1,0.0004371515533421,0.8107018849206349,1.0
1008,exact,2,0.0004241454007569,0.8053385416666666,1.0
2000,ariad,0,0.0004791987303178,0.929078125,0.995390625
2000,ariad,1,0.0004791697720065,0.92903125,0.995453125
2000,ariad,2,0.000479150970932,0.929109375,0.995
2000,dense,0,0.0005358881899155,0.9296875,1.0
2000,dense,1,0.0005429178127087,0.929359375,1.0
2000,dense,2,0.0005538561381399,0.929421875,1.0
2000,exact,0,0.0004790439852513,0.93025,1.0
2000,exact,1,0.0004790446255356,0.930328125,1.0
2000,exact,2,0.0004790404054801,0.93025,1.0
5008,ariad,0,0.0002308336261194,0.950154752396166,0.9824717951277956
5008,ariad,1,0.0002306252135895,0.9502982727635784,0.9829897164536742
5008,ariad,2,0.0002305354137206,0.9503981130191692,0.982733875798722
5008,dense,0,0.0004160479293204,0.9555336461661342,1.0
5008,dense,1,0.0004130955494474,0.955390125798722,1.0
5008,dense,2,0.0004160250246059,0.955333965654952,1.0
5008,exact,0,0.0002299530460732,0.9583291733226836,1.0
5008,exact,1,0.0002299496991327,0.9583291733226836,1.0
5008,exact,2,0.0002299507614225,0.9583229333067091,1.0
10000,ariad,0,0.0001814845163607,0.94636875,0.962578125
10000,ariad,1,0.0001821277401177,0.94593125,0.962
10000,ariad,2,0.0001819042518036,0.946534375,0.962546875
10000,dense,0,0.0006696123746223,0.96285,1.0
10000,dense,1,0.000669568311423,0.96285,1.0
10000,dense,2,0.0006696850759908,0.962859375,1.0
10000,exact,0,0.0001779406302375,0.9686,1.0
10000,exact,1,0.0001779390440788,0.96860625,1.0
10000,exact,2,0.000177964073373,0.9686,1.0
20000,ariad,0,0.0001104238035622,0.927803125,0.9337765625
20000,ariad,1,0.0001109001823351,0.9276484375,0.93370625
20000,ariad,2,0.000110533881525,0.9273359375,0.933365625
20000,dense,0,0.001184948021546,0.9679484375,1.0
20000,dense,1,0.0011848732829093,0.967959375,1.0
20000,dense,2,0.0011850264854729,0.967953125,1.0
20000,exact,0,9.570203837938608e-05,0.9766671875,1.0
20000,exact,1,9.57026713876985e-05,0.97666875,1.0
20000,exact,2,9.569760004524142e-05,0.976671875,1.0
